<?xml version="1.0"?><MineParams xmlns:xsd="http://www.w3.org/2001/XMLSchema" xmlns:xsi="http://www.w3.org/2001/XMLSchema-instance"><VersionInfo>7.0.1.207</VersionInfo><RegInfo>Evaluation</RegInfo><MinerOptions><MinLevelsUp>2</MinLevelsUp><MinChildCount>10</MinChildCount><SelAccuracy>0</SelAccuracy></MinerOptions><StartURL><url>https://www.vemaybay.vn/flight-result?request=HANSGN13082023-1-0-0</url></StartURL><FieldList><DATAFIELD><type>Image_URL</type><name>Logo</name><selector>#ftlResult-form &gt; DIV:nth-of-type(3) &gt; DIV &gt; DIV:nth-of-type(2) &gt; DIV:nth-of-type(3) &gt; DIV:nth-of-type(034) &gt; UL:nth-of-type(1) &gt; LI:nth-of-type(1) &gt; IMG</selector><pattern>true</pattern><regex /></DATAFIELD><DATAFIELD><type>Text</type><name>Hang</name><selector>#ftlResult-form &gt; DIV:nth-of-type(3) &gt; DIV &gt; DIV:nth-of-type(2) &gt; DIV:nth-of-type(3) &gt; DIV:nth-of-type(034) &gt; UL:nth-of-type(1) &gt; LI:nth-of-type(1) &gt; P</selector><pattern>true</pattern><regex /></DATAFIELD><DATAFIELD><type>Text</type><name>Diem di</name><selector>#ftlResult-form &gt; DIV:nth-of-type(3) &gt; DIV &gt; DIV:nth-of-type(2) &gt; DIV:nth-of-type(3) &gt; DIV:nth-of-type(034) &gt; UL:nth-of-type(1) &gt; LI:nth-of-type(2) &gt; DIV:nth-of-type(1)</selector><pattern>true</pattern><regex /></DATAFIELD><DATAFIELD><type>Text</type><name>Diem den</name><selector>#ftlResult-form &gt; DIV:nth-of-type(3) &gt; DIV &gt; DIV:nth-of-type(2) &gt; DIV:nth-of-type(3) &gt; DIV:nth-of-type(034) &gt; UL:nth-of-type(1) &gt; LI:nth-of-type(4) &gt; DIV:nth-of-type(1)</selector><pattern>true</pattern><regex /></DATAFIELD><DATAFIELD><type>Text</type><name>Gio bay</name><selector>#ftlResult-form &gt; DIV:nth-of-type(3) &gt; DIV &gt; DIV:nth-of-type(2) &gt; DIV:nth-of-type(3) &gt; DIV:nth-of-type(034) &gt; UL:nth-of-type(1) &gt; LI:nth-of-type(2) &gt; DIV:nth-of-type(2)</selector><pattern>true</pattern><regex /></DATAFIELD><DATAFIELD><type>Click</type><name>Chi tiết</name><selector>#ftlResult-form &gt; DIV:nth-of-type(3) &gt; DIV &gt; DIV:nth-of-type(2) &gt; DIV:nth-of-type(3) &gt; DIV:nth-of-type(034) &gt; UL:nth-of-type(1) &gt; LI:nth-of-type(3) &gt; A</selector><pattern>true</pattern><regex /></DATAFIELD><DATAFIELD><type>Link_Follow</type><selector>#ftlResult-form &gt; DIV:nth-of-type(3) &gt; DIV &gt; DIV:nth-of-type(2) &gt; DIV:nth-of-type(3) &gt; DIV:nth-of-type(034) &gt; UL:nth-of-type(1) &gt; LI:nth-of-type(3) &gt; A</selector><pattern>true</pattern><regex /></DATAFIELD><DATAFIELD><type>Link_Follow</type><selector>#ftlResult-form &gt; DIV:nth-of-type(3) &gt; DIV &gt; DIV:nth-of-type(2) &gt; DIV:nth-of-type(3) &gt; DIV:nth-of-type(034) &gt; UL:nth-of-type(1) &gt; LI:nth-of-type(3) &gt; A</selector><pattern>true</pattern><regex /></DATAFIELD><DATAFIELD><type>Text</type><name>Ngay bay</name><selector>#ftlResult-form &gt; DIV:nth-of-type(3) &gt; DIV &gt; DIV:nth-of-type(2) &gt; DIV:nth-of-type(3) &gt; DIV:nth-of-type(034) &gt; DIV &gt; DIV:nth-of-type(1) &gt; UL &gt; LI:nth-of-type(2) &gt; SPAN:nth-of-type(4) &gt; B</selector><pattern>true</pattern><regex /></DATAFIELD><DATAFIELD><type>Text</type><name>Gio den</name><selector>#ftlResult-form &gt; DIV:nth-of-type(3) &gt; DIV &gt; DIV:nth-of-type(2) &gt; DIV:nth-of-type(3) &gt; DIV:nth-of-type(034) &gt; UL:nth-of-type(1) &gt; LI:nth-of-type(4) &gt; DIV:nth-of-type(2)</selector><pattern>true</pattern><regex /></DATAFIELD><DATAFIELD><type>Text</type><name>Ngay den</name><selector>#ftlResult-form &gt; DIV:nth-of-type(3) &gt; DIV &gt; DIV:nth-of-type(2) &gt; DIV:nth-of-type(3) &gt; DIV:nth-of-type(034) &gt; DIV &gt; DIV:nth-of-type(1) &gt; UL &gt; LI:nth-of-type(3) &gt; SPAN:nth-of-type(4) &gt; B</selector><pattern>true</pattern><regex /></DATAFIELD><DATAFIELD><type>Text</type><name>Chuyen bay</name><selector>#ftlResult-form &gt; DIV:nth-of-type(3) &gt; DIV &gt; DIV:nth-of-type(2) &gt; DIV:nth-of-type(3) &gt; DIV:nth-of-type(034) &gt; UL:nth-of-type(1) &gt; LI:nth-of-type(3) &gt; DIV:nth-of-type(1)</selector><pattern>true</pattern><regex /></DATAFIELD><DATAFIELD><type>Text</type><name>Gia ve</name><selector>#ftlResult-form &gt; DIV:nth-of-type(3) &gt; DIV &gt; DIV:nth-of-type(2) &gt; DIV:nth-of-type(3) &gt; DIV:nth-of-type(034) &gt; UL:nth-of-type(1) &gt; LI:nth-of-type(5) &gt; DIV</selector><pattern>true</pattern><regex /></DATAFIELD><DATAFIELD><type>Text</type><name>Thoi gian bay</name><selector>#ftlResult-form &gt; DIV:nth-of-type(3) &gt; DIV &gt; DIV:nth-of-type(2) &gt; DIV:nth-of-type(3) &gt; DIV:nth-of-type(034) &gt; DIV &gt; DIV:nth-of-type(1) &gt; UL &gt; LI:nth-of-type(4) &gt; SPAN:nth-of-type(2) &gt; B</selector><pattern>true</pattern><regex /></DATAFIELD><DATAFIELD><type>Text</type><name>Loai ve</name><selector>#ftlResult-form &gt; DIV:nth-of-type(3) &gt; DIV &gt; DIV:nth-of-type(2) &gt; DIV:nth-of-type(3) &gt; DIV:nth-of-type(034) &gt; DIV &gt; DIV:nth-of-type(1) &gt; UL &gt; LI:nth-of-type(4) &gt; SPAN:nth-of-type(3) &gt; B</selector><pattern>true</pattern><regex /></DATAFIELD><DATAFIELD><type>Text</type><name>Xach tay</name><selector>#ftlResult-form &gt; DIV:nth-of-type(3) &gt; DIV &gt; DIV:nth-of-type(2) &gt; DIV:nth-of-type(3) &gt; DIV:nth-of-type(034) &gt; DIV &gt; DIV:nth-of-type(1) &gt; UL &gt; LI:nth-of-type(4) &gt; SPAN:nth-of-type(5) &gt; B</selector><pattern>true</pattern><regex /></DATAFIELD><DATAFIELD><type>Text</type><name>Ky gui</name><selector>#ftlResult-form &gt; DIV:nth-of-type(3) &gt; DIV &gt; DIV:nth-of-type(2) &gt; DIV:nth-of-type(3) &gt; DIV:nth-of-type(034) &gt; DIV &gt; DIV:nth-of-type(1) &gt; UL &gt; LI:nth-of-type(4) &gt; SPAN:nth-of-type(6) &gt; B</selector><pattern>true</pattern><regex /></DATAFIELD><DATAFIELD><type>Text</type><name>May bay</name><selector>#ftlResult-form &gt; DIV:nth-of-type(3) &gt; DIV &gt; DIV:nth-of-type(2) &gt; DIV:nth-of-type(3) &gt; DIV:nth-of-type(034) &gt; DIV &gt; DIV:nth-of-type(1) &gt; UL &gt; LI:nth-of-type(4) &gt; SPAN:nth-of-type(4) &gt; B</selector><pattern>true</pattern><regex /></DATAFIELD><DATAFIELD><type>Text</type><name>San bay di</name><selector>#ftlResult-form &gt; DIV:nth-of-type(3) &gt; DIV &gt; DIV:nth-of-type(2) &gt; DIV:nth-of-type(3) &gt; DIV:nth-of-type(034) &gt; DIV &gt; DIV:nth-of-type(1) &gt; UL &gt; LI:nth-of-type(2) &gt; SPAN:nth-of-type(2) &gt; I</selector><pattern>true</pattern><regex /></DATAFIELD><DATAFIELD><type>Text</type><name>San bay den</name><selector>#ftlResult-form &gt; DIV:nth-of-type(3) &gt; DIV &gt; DIV:nth-of-type(2) &gt; DIV:nth-of-type(3) &gt; DIV:nth-of-type(034) &gt; DIV &gt; DIV:nth-of-type(1) &gt; UL &gt; LI:nth-of-type(3) &gt; SPAN:nth-of-type(2) &gt; I</selector><pattern>true</pattern><regex /></DATAFIELD><DATAFIELD><type>Link_Back</type><pattern>false</pattern><regex /></DATAFIELD><DATAFIELD><type>Link_Back</type><pattern>false</pattern><regex /></DATAFIELD></FieldList><KeywordList /><KeywordFileList /><FileAnchorKWList /></MineParams>