﻿<?xml version="1.0" encoding="utf-8"?><WEBHARVY_DATA><item><logo>https://ibe.vemaybay.vn/Resources/Images/Airline/VJ.gif</logo><name>Vietjet Air</name><nơibắtđầu>Hà Nội</nơibắtđầu><giờbay>20:00</giờbay><machuyếnbay>VJ151</machuyếnbay><chitiết>Chi tiết</chitiết><nơiđến>Hồ Chí Minh</nơiđến><giờđến>22:00</giờđến><giátiền>1,870,600
VND</giátiền><ngày></ngày><thứ></thứ><giát></giát></item><item><logo>https://ibe.vemaybay.vn/Resources/Images/Airline/VJ.gif</logo><name>Vietjet Air</name><nơibắtđầu>Hà Nội</nơibắtđầu><giờbay>22:40</giờbay><machuyếnbay>VJ161</machuyếnbay><chitiết>Chi tiết</chitiết><nơiđến>Hồ Chí Minh</nơiđến><giờđến>00:50</giờđến><giátiền>1,870,600
VND</giátiền><ngày></ngày><thứ></thứ><giát></giát></item><item><logo>https://ibe.vemaybay.vn/Resources/Images/Airline/QH.gif</logo><name>Bamboo Airways</name><nơibắtđầu>Hà Nội</nơibắtđầu><giờbay>21:50</giờbay><machuyếnbay>QH285</machuyếnbay><chitiết>Chi tiết</chitiết><nơiđến>Hồ Chí Minh</nơiđến><giờđến>00:05</giờđến><giátiền>2,024,000
VND</giátiền><ngày></ngày><thứ></thứ><giát></giát></item><item><logo>https://ibe.vemaybay.vn/Resources/Images/Airline/QH.gif</logo><name>Bamboo Airways</name><nơibắtđầu>Hà Nội</nơibắtđầu><giờbay>23:40</giờbay><machuyếnbay>QH283</machuyếnbay><chitiết>Chi tiết</chitiết><nơiđến>Hồ Chí Minh</nơiđến><giờđến>01:50</giờđến><giátiền>2,024,000
VND</giátiền><ngày></ngày><thứ></thứ><giát></giát></item><item><logo>https://ibe.vemaybay.vn/Resources/Images/Airline/VJ.gif</logo><name>Vietjet Air</name><nơibắtđầu>Hà Nội</nơibắtđầu><giờbay>23:00</giờbay><machuyếnbay>VJ165</machuyếnbay><chitiết>Chi tiết</chitiết><nơiđến>Hồ Chí Minh</nơiđến><giờđến>01:10</giờđến><giátiền>2,108,200
VND</giátiền><ngày></ngày><thứ></thứ><giát></giát></item><item><logo>https://ibe.vemaybay.vn/Resources/Images/Airline/QH.gif</logo><name>Bamboo Airways</name><nơibắtđầu>Hà Nội</nơibắtđầu><giờbay>20:20</giờbay><machuyếnbay>QH291</machuyếnbay><chitiết>Chi tiết</chitiết><nơiđến>Hồ Chí Minh</nơiđến><giờđến>22:35</giờđến><giátiền>2,176,000
VND</giátiền><ngày></ngày><thứ></thứ><giát></giát></item><item><logo>https://ibe.vemaybay.vn/Resources/Images/Airline/QH.gif</logo><name>Bamboo Airways</name><nơibắtđầu>Hà Nội</nơibắtđầu><giờbay>21:20</giờbay><machuyếnbay>QH281</machuyếnbay><chitiết>Chi tiết</chitiết><nơiđến>Hồ Chí Minh</nơiđến><giờđến>23:30</giờđến><giátiền>2,176,000
VND</giátiền><ngày></ngày><thứ></thứ><giát></giát></item><item><logo>https://ibe.vemaybay.vn/Resources/Images/Airline/VJ.gif</logo><name>Vietjet Air</name><nơibắtđầu>Hà Nội</nơibắtđầu><giờbay>20:00</giờbay><machuyếnbay>VJ151</machuyếnbay><chitiết>Chi tiết</chitiết><nơiđến>Hồ Chí Minh</nơiđến><giờđến>22:00</giờđến><giátiền>2,225,920
VND</giátiền><ngày></ngày><thứ></thứ><giát></giát></item><item><logo>https://ibe.vemaybay.vn/Resources/Images/Airline/VJ.gif</logo><name>Vietjet Air</name><nơibắtđầu>Hà Nội</nơibắtđầu><giờbay>22:40</giờbay><machuyếnbay>VJ161</machuyếnbay><chitiết>Chi tiết</chitiết><nơiđến>Hồ Chí Minh</nơiđến><giờđến>00:50</giờđến><giátiền>2,225,920
VND</giátiền><ngày></ngày><thứ></thứ><giát></giát></item><item><logo>https://ibe.vemaybay.vn/Resources/Images/Airline/VJ.gif</logo><name>Vietjet Air</name><nơibắtđầu>Hà Nội</nơibắtđầu><giờbay>21:00</giờbay><machuyếnbay>VJ159</machuyếnbay><chitiết>Chi tiết</chitiết><nơiđến>Hồ Chí Minh</nơiđến><giờđến>23:10</giờđến><giátiền>2,237,800
VND</giátiền><ngày></ngày><thứ></thứ><giát></giát></item><item><logo>https://ibe.vemaybay.vn/Resources/Images/Airline/QH.gif</logo><name>Bamboo Airways</name><nơibắtđầu>Hà Nội</nơibắtđầu><giờbay>19:55</giờbay><machuyếnbay>QH289</machuyếnbay><chitiết>Chi tiết</chitiết><nơiđến>Hồ Chí Minh</nơiđến><giờđến>22:10</giờđến><giátiền>2,284,000
VND</giátiền><ngày></ngày><thứ></thứ><giát></giát></item><item><logo>https://ibe.vemaybay.vn/Resources/Images/Airline/BL.gif</logo><name>Pacific Airline</name><nơibắtđầu>Hà Nội</nơibắtđầu><giờbay>18:50</giờbay><machuyếnbay>VN6039</machuyếnbay><chitiết>Chi tiết</chitiết><nơiđến>Hồ Chí Minh</nơiđến><giờđến>21:05</giờđến><giátiền>2,312,000
VND</giátiền><ngày></ngày><thứ></thứ><giát></giát></item><item><logo>https://ibe.vemaybay.vn/Resources/Images/Airline/BL.gif</logo><name>Pacific Airline</name><nơibắtđầu>Hà Nội</nơibắtđầu><giờbay>21:10</giờbay><machuyếnbay>VN6021</machuyếnbay><chitiết>Chi tiết</chitiết><nơiđến>Hồ Chí Minh</nơiđến><giờđến>23:25</giờđến><giátiền>2,312,000
VND</giátiền><ngày></ngày><thứ></thứ><giát></giát></item><item><logo>https://ibe.vemaybay.vn/Resources/Images/Airline/BL.gif</logo><name>Pacific Airline</name><nơibắtđầu>Hà Nội</nơibắtđầu><giờbay>21:45</giờbay><machuyếnbay>VN6045</machuyếnbay><chitiết>Chi tiết</chitiết><nơiđến>Hồ Chí Minh</nơiđến><giờđến>23:59</giờđến><giátiền>2,312,000
VND</giátiền><ngày></ngày><thứ></thứ><giát></giát></item><item><logo>https://ibe.vemaybay.vn/Resources/Images/Airline/QH.gif</logo><name>Bamboo Airways</name><nơibắtđầu>Hà Nội</nơibắtđầu><giờbay>21:50</giờbay><machuyếnbay>QH285</machuyếnbay><chitiết>Chi tiết</chitiết><nơiđến>Hồ Chí Minh</nơiđến><giờđến>00:05</giờđến><giátiền>2,348,000
VND</giátiền><ngày></ngày><thứ></thứ><giát></giát></item><item><logo>https://ibe.vemaybay.vn/Resources/Images/Airline/QH.gif</logo><name>Bamboo Airways</name><nơibắtđầu>Hà Nội</nơibắtđầu><giờbay>23:40</giờbay><machuyếnbay>QH283</machuyếnbay><chitiết>Chi tiết</chitiết><nơiđến>Hồ Chí Minh</nơiđến><giờđến>01:50</giờđến><giátiền>2,348,000
VND</giátiền><ngày></ngày><thứ></thứ><giát></giát></item><item><logo>https://ibe.vemaybay.vn/Resources/Images/Airline/VJ.gif</logo><name>Vietjet Air</name><nơibắtđầu>Hà Nội</nơibắtđầu><giờbay>21:00</giờbay><machuyếnbay>VJ153</machuyếnbay><chitiết>Chi tiết</chitiết><nơiđến>Hồ Chí Minh</nơiđến><giờđến>23:00</giờđến><giátiền>2,367,400
VND</giátiền><ngày></ngày><thứ></thứ><giát></giát></item><item><logo>https://ibe.vemaybay.vn/Resources/Images/Airline/VJ.gif</logo><name>Vietjet Air</name><nơibắtđầu>Hà Nội</nơibắtđầu><giờbay>23:00</giờbay><machuyếnbay>VJ165</machuyếnbay><chitiết>Chi tiết</chitiết><nơiđến>Hồ Chí Minh</nơiđến><giờđến>01:10</giờđến><giátiền>2,474,320
VND</giátiền><ngày></ngày><thứ></thứ><giát></giát></item><item><logo>https://ibe.vemaybay.vn/Resources/Images/Airline/QH.gif</logo><name>Bamboo Airways</name><nơibắtđầu>Hà Nội</nơibắtđầu><giờbay>20:20</giờbay><machuyếnbay>QH291</machuyếnbay><chitiết>Chi tiết</chitiết><nơiđến>Hồ Chí Minh</nơiđến><giờđến>22:35</giờđến><giátiền>2,500,000
VND</giátiền><ngày></ngày><thứ></thứ><giát></giát></item><item><logo>https://ibe.vemaybay.vn/Resources/Images/Airline/QH.gif</logo><name>Bamboo Airways</name><nơibắtđầu>Hà Nội</nơibắtđầu><giờbay>21:20</giờbay><machuyếnbay>QH281</machuyếnbay><chitiết>Chi tiết</chitiết><nơiđến>Hồ Chí Minh</nơiđến><giờđến>23:30</giờđến><giátiền>2,500,000
VND</giátiền><ngày></ngày><thứ></thứ><giát></giát></item><item><logo>https://ibe.vemaybay.vn/Resources/Images/Airline/VN.gif</logo><name>Vietnam Airlines</name><nơibắtđầu>Hà Nội</nơibắtđầu><giờbay>18:00</giờbay><machuyếnbay>VN259</machuyếnbay><chitiết>Chi tiết</chitiết><nơiđến>Hồ Chí Minh</nơiđến><giờđến>20:15</giờđến><giátiền>2,550,000
VND</giátiền><ngày></ngày><thứ></thứ><giát></giát></item><item><logo>https://ibe.vemaybay.vn/Resources/Images/Airline/VN.gif</logo><name>Vietnam Airlines</name><nơibắtđầu>Hà Nội</nơibắtđầu><giờbay>21:00</giờbay><machuyếnbay>VN221</machuyếnbay><chitiết>Chi tiết</chitiết><nơiđến>Hồ Chí Minh</nơiđến><giờđến>23:15</giờđến><giátiền>2,550,000
VND</giátiền><ngày></ngày><thứ></thứ><giát></giát></item><item><logo>https://ibe.vemaybay.vn/Resources/Images/Airline/QH.gif</logo><name>Bamboo Airways</name><nơibắtđầu>Hà Nội</nơibắtđầu><giờbay>18:55</giờbay><machuyếnbay>QH269</machuyếnbay><chitiết>Chi tiết</chitiết><nơiđến>Hồ Chí Minh</nơiđến><giờđến>21:05</giờđến><giátiền>2,564,000
VND</giátiền><ngày></ngày><thứ></thứ><giát></giát></item><item><logo>https://ibe.vemaybay.vn/Resources/Images/Airline/QH.gif</logo><name>Bamboo Airways</name><nơibắtđầu>Hà Nội</nơibắtđầu><giờbay>19:55</giờbay><machuyếnbay>QH289</machuyếnbay><chitiết>Chi tiết</chitiết><nơiđến>Hồ Chí Minh</nơiđến><giờđến>22:10</giờđến><giátiền>2,608,000
VND</giátiền><ngày></ngày><thứ></thứ><giát></giát></item><item><logo>https://ibe.vemaybay.vn/Resources/Images/Airline/VJ.gif</logo><name>Vietjet Air</name><nơibắtđầu>Hà Nội</nơibắtđầu><giờbay>21:00</giờbay><machuyếnbay>VJ159</machuyếnbay><chitiết>Chi tiết</chitiết><nơiđến>Hồ Chí Minh</nơiđến><giờđến>23:10</giờđến><giátiền>2,657,920
VND</giátiền><ngày></ngày><thứ></thứ><giát></giát></item><item><logo>https://ibe.vemaybay.vn/Resources/Images/Airline/VN.gif</logo><name>Vietnam Airlines</name><nơibắtđầu>Hà Nội</nơibắtđầu><giờbay>18:00</giờbay><machuyếnbay>VN259</machuyếnbay><chitiết>Chi tiết</chitiết><nơiđến>Hồ Chí Minh</nơiđến><giờđến>20:15</giờđến><giátiền>2,755,000
VND</giátiền><ngày></ngày><thứ></thứ><giát></giát></item><item><logo>https://ibe.vemaybay.vn/Resources/Images/Airline/VN.gif</logo><name>Vietnam Airlines</name><nơibắtđầu>Hà Nội</nơibắtđầu><giờbay>21:00</giờbay><machuyếnbay>VN221</machuyếnbay><chitiết>Chi tiết</chitiết><nơiđến>Hồ Chí Minh</nơiđến><giờđến>23:15</giờđến><giátiền>2,755,000
VND</giátiền><ngày></ngày><thứ></thứ><giát></giát></item><item><logo>https://ibe.vemaybay.vn/Resources/Images/Airline/VJ.gif</logo><name>Vietjet Air</name><nơibắtđầu>Hà Nội</nơibắtđầu><giờbay>21:00</giờbay><machuyếnbay>VJ153</machuyếnbay><chitiết>Chi tiết</chitiết><nơiđến>Hồ Chí Minh</nơiđến><giờđến>23:00</giờđến><giátiền>2,787,520
VND</giátiền><ngày></ngày><thứ></thứ><giát></giát></item><item><logo>https://ibe.vemaybay.vn/Resources/Images/Airline/QH.gif</logo><name>Bamboo Airways</name><nơibắtđầu>Hà Nội</nơibắtđầu><giờbay>18:55</giờbay><machuyếnbay>QH269</machuyếnbay><chitiết>Chi tiết</chitiết><nơiđến>Hồ Chí Minh</nơiđến><giờđến>21:05</giờđến><giátiền>2,888,000
VND</giátiền><ngày></ngày><thứ></thứ><giát></giát></item><item><logo>https://ibe.vemaybay.vn/Resources/Images/Airline/VN.gif</logo><name>Vietnam Airlines</name><nơibắtđầu>Hà Nội</nơibắtđầu><giờbay>16:55</giờbay><machuyếnbay>VN261</machuyếnbay><chitiết>Chi tiết</chitiết><nơiđến>Hồ Chí Minh</nơiđến><giờđến>19:10</giờđến><giátiền>2,971,000
VND</giátiền><ngày></ngày><thứ></thứ><giát></giát></item><item><logo>https://ibe.vemaybay.vn/Resources/Images/Airline/VN.gif</logo><name>Vietnam Airlines</name><nơibắtđầu>Hà Nội</nơibắtđầu><giờbay>20:00</giờbay><machuyếnbay>VN263</machuyếnbay><chitiết>Chi tiết</chitiết><nơiđến>Hồ Chí Minh</nơiđến><giờđến>22:15</giờđến><giátiền>2,971,000
VND</giátiền><ngày></ngày><thứ></thứ><giát></giát></item><item><logo>https://ibe.vemaybay.vn/Resources/Images/Airline/VN.gif</logo><name>Vietnam Airlines</name><nơibắtđầu>Hà Nội</nơibắtđầu><giờbay>16:00</giờbay><machuyếnbay>VN255</machuyếnbay><chitiết>Chi tiết</chitiết><nơiđến>Hồ Chí Minh</nơiđến><giờđến>18:15</giờđến><giátiền>3,403,000
VND</giátiền><ngày></ngày><thứ></thứ><giát></giát></item><item><logo>https://ibe.vemaybay.vn/Resources/Images/Airline/VN.gif</logo><name>Vietnam Airlines</name><nơibắtđầu>Hà Nội</nơibắtđầu><giờbay>16:00</giờbay><machuyếnbay>VN255</machuyếnbay><chitiết>Chi tiết</chitiết><nơiđến>Hồ Chí Minh</nơiđến><giờđến>18:15</giờđến><giátiền>3,595,000
VND</giátiền><ngày></ngày><thứ></thứ><giát></giát></item><item><logo>https://ibe.vemaybay.vn/Resources/Images/Airline/VN.gif</logo><name>Vietnam Airlines</name><nơibắtđầu>Hà Nội</nơibắtđầu><giờbay>16:55</giờbay><machuyếnbay>VN261</machuyếnbay><chitiết>Chi tiết</chitiết><nơiđến>Hồ Chí Minh</nơiđến><giờđến>19:10</giờđến><giátiền>3,595,000
VND</giátiền><ngày></ngày><thứ></thứ><giát></giát></item><item><logo>https://ibe.vemaybay.vn/Resources/Images/Airline/VN.gif</logo><name>Vietnam Airlines</name><nơibắtđầu>Hà Nội</nơibắtđầu><giờbay>17:00</giờbay><machuyếnbay>VN217</machuyếnbay><chitiết>Chi tiết</chitiết><nơiđến>Hồ Chí Minh</nơiđến><giờđến>19:15</giờđến><giátiền>3,595,000
VND</giátiền><ngày></ngày><thứ></thứ><giát></giát></item><item><logo>https://ibe.vemaybay.vn/Resources/Images/Airline/VN.gif</logo><name>Vietnam Airlines</name><nơibắtđầu>Hà Nội</nơibắtđầu><giờbay>18:00</giờbay><machuyếnbay>VN259</machuyếnbay><chitiết>Chi tiết</chitiết><nơiđến>Hồ Chí Minh</nơiđến><giờđến>20:15</giờđến><giátiền>3,595,000
VND</giátiền><ngày></ngày><thứ></thứ><giát></giát></item><item><logo>https://ibe.vemaybay.vn/Resources/Images/Airline/BL.gif</logo><name>Pacific Airline</name><nơibắtđầu>Hà Nội</nơibắtđầu><giờbay>18:50</giờbay><machuyếnbay>VN6039</machuyếnbay><chitiết>Chi tiết</chitiết><nơiđến>Hồ Chí Minh</nơiđến><giờđến>21:05</giờđến><giátiền>3,595,000
VND</giátiền><ngày></ngày><thứ></thứ><giát></giát></item><item><logo>https://ibe.vemaybay.vn/Resources/Images/Airline/VN.gif</logo><name>Vietnam Airlines</name><nơibắtđầu>Hà Nội</nơibắtđầu><giờbay>19:00</giờbay><machuyếnbay>VN219</machuyếnbay><chitiết>Chi tiết</chitiết><nơiđến>Hồ Chí Minh</nơiđến><giờđến>21:15</giờđến><giátiền>3,595,000
VND</giátiền><ngày></ngày><thứ></thứ><giát></giát></item><item><logo>https://ibe.vemaybay.vn/Resources/Images/Airline/VN.gif</logo><name>Vietnam Airlines</name><nơibắtđầu>Hà Nội</nơibắtđầu><giờbay>20:00</giờbay><machuyếnbay>VN263</machuyếnbay><chitiết>Chi tiết</chitiết><nơiđến>Hồ Chí Minh</nơiđến><giờđến>22:15</giờđến><giátiền>3,595,000
VND</giátiền><ngày></ngày><thứ></thứ><giát></giát></item><item><logo>https://ibe.vemaybay.vn/Resources/Images/Airline/VN.gif</logo><name>Vietnam Airlines</name><nơibắtđầu>Hà Nội</nơibắtđầu><giờbay>21:00</giờbay><machuyếnbay>VN221</machuyếnbay><chitiết>Chi tiết</chitiết><nơiđến>Hồ Chí Minh</nơiđến><giờđến>23:15</giờđến><giátiền>3,595,000
VND</giátiền><ngày></ngày><thứ></thứ><giát></giát></item><item><logo>https://ibe.vemaybay.vn/Resources/Images/Airline/BL.gif</logo><name>Pacific Airline</name><nơibắtđầu>Hà Nội</nơibắtđầu><giờbay>21:10</giờbay><machuyếnbay>VN6021</machuyếnbay><chitiết>Chi tiết</chitiết><nơiđến>Hồ Chí Minh</nơiđến><giờđến>23:25</giờđến><giátiền>3,595,000
VND</giátiền><ngày></ngày><thứ></thứ><giát></giát></item><item><logo>https://ibe.vemaybay.vn/Resources/Images/Airline/BL.gif</logo><name>Pacific Airline</name><nơibắtđầu>Hà Nội</nơibắtđầu><giờbay>21:45</giờbay><machuyếnbay>VN6045</machuyếnbay><chitiết>Chi tiết</chitiết><nơiđến>Hồ Chí Minh</nơiđến><giờđến>23:59</giờđến><giátiền>3,595,000
VND</giátiền><ngày></ngày><thứ></thứ><giát></giát></item><item><logo>https://ibe.vemaybay.vn/Resources/Images/Airline/VN.gif</logo><name>Vietnam Airlines</name><nơibắtđầu>Hà Nội</nơibắtđầu><giờbay>22:00</giờbay><machuyếnbay>VN267</machuyếnbay><chitiết>Chi tiết</chitiết><nơiđến>Hồ Chí Minh</nơiđến><giờđến>00:15</giờđến><giátiền>3,595,000
VND</giátiền><ngày></ngày><thứ></thứ><giát></giát></item><item><logo>https://ibe.vemaybay.vn/Resources/Images/Airline/VN.gif</logo><name>Vietnam Airlines</name><nơibắtđầu>Hà Nội</nơibắtđầu><giờbay>23:00</giờbay><machuyếnbay>VN223</machuyếnbay><chitiết>Chi tiết</chitiết><nơiđến>Hồ Chí Minh</nơiđến><giờđến>01:25</giờđến><giátiền>3,595,000
VND</giátiền><ngày></ngày><thứ></thứ><giát></giát></item><item><logo>https://ibe.vemaybay.vn/Resources/Images/Airline/VJ.gif</logo><name>Vietjet Air</name><nơibắtđầu>Hà Nội</nơibắtđầu><giờbay>20:00</giờbay><machuyếnbay>VJ151</machuyếnbay><chitiết>Chi tiết</chitiết><nơiđến>Hồ Chí Minh</nơiđến><giờđến>22:00</giờđến><giátiền>4,624,600
VND</giátiền><ngày></ngày><thứ></thứ><giát></giát></item><item><logo>https://ibe.vemaybay.vn/Resources/Images/Airline/VJ.gif</logo><name>Vietjet Air</name><nơibắtđầu>Hà Nội</nơibắtđầu><giờbay>21:00</giờbay><machuyếnbay>VJ153</machuyếnbay><chitiết>Chi tiết</chitiết><nơiđến>Hồ Chí Minh</nơiđến><giờđến>23:00</giờđến><giátiền>4,624,600
VND</giátiền><ngày></ngày><thứ></thứ><giát></giát></item><item><logo>https://ibe.vemaybay.vn/Resources/Images/Airline/VJ.gif</logo><name>Vietjet Air</name><nơibắtđầu>Hà Nội</nơibắtđầu><giờbay>21:00</giờbay><machuyếnbay>VJ159</machuyếnbay><chitiết>Chi tiết</chitiết><nơiđến>Hồ Chí Minh</nơiđến><giờđến>23:10</giờđến><giátiền>4,624,600
VND</giátiền><ngày></ngày><thứ></thứ><giát></giát></item><item><logo>https://ibe.vemaybay.vn/Resources/Images/Airline/VJ.gif</logo><name>Vietjet Air</name><nơibắtđầu>Hà Nội</nơibắtđầu><giờbay>22:40</giờbay><machuyếnbay>VJ161</machuyếnbay><chitiết>Chi tiết</chitiết><nơiđến>Hồ Chí Minh</nơiđến><giờđến>00:50</giờđến><giátiền>4,624,600
VND</giátiền><ngày></ngày><thứ></thứ><giát></giát></item><item><logo>https://ibe.vemaybay.vn/Resources/Images/Airline/VJ.gif</logo><name>Vietjet Air</name><nơibắtđầu>Hà Nội</nơibắtđầu><giờbay>23:00</giờbay><machuyếnbay>VJ165</machuyếnbay><chitiết>Chi tiết</chitiết><nơiđến>Hồ Chí Minh</nơiđến><giờđến>01:10</giờđến><giátiền>4,624,600
VND</giátiền><ngày></ngày><thứ></thứ><giát></giát></item><item><logo>https://ibe.vemaybay.vn/Resources/Images/Airline/VN.gif</logo><name>Vietnam Airlines</name><nơibắtđầu>Hà Nội</nơibắtđầu><giờbay>16:35</giờbay><machuyếnbay>VN1545, VN1369</machuyếnbay><chitiết>Chi tiết</chitiết><nơiđến>Hồ Chí Minh</nơiđến><giờđến>22:55</giờđến><giátiền>4,841,000
VND</giátiền><ngày></ngày><thứ></thứ><giát></giát></item><item><logo>https://ibe.vemaybay.vn/Resources/Images/Airline/VN.gif</logo><name>Vietnam Airlines</name><nơibắtđầu>Hà Nội</nơibắtđầu><giờbay>16:35</giờbay><machuyếnbay>VN1545, VN7379</machuyếnbay><chitiết>Chi tiết</chitiết><nơiđến>Hồ Chí Minh</nơiđến><giờđến>00:35</giờđến><giátiền>4,841,000
VND</giátiền><ngày></ngày><thứ></thứ><giát></giát></item><item><logo>https://ibe.vemaybay.vn/Resources/Images/Airline/QH.gif</logo><name>Bamboo Airways</name><nơibắtđầu>Hà Nội</nơibắtđầu><giờbay>18:55</giờbay><machuyếnbay>QH269</machuyếnbay><chitiết>Chi tiết</chitiết><nơiđến>Hồ Chí Minh</nơiđến><giờđến>21:05</giờđến><giátiền>4,887,000
VND</giátiền><ngày></ngày><thứ></thứ><giát></giát></item><item><logo>https://ibe.vemaybay.vn/Resources/Images/Airline/QH.gif</logo><name>Bamboo Airways</name><nơibắtđầu>Hà Nội</nơibắtđầu><giờbay>19:55</giờbay><machuyếnbay>QH289</machuyếnbay><chitiết>Chi tiết</chitiết><nơiđến>Hồ Chí Minh</nơiđến><giờđến>22:10</giờđến><giátiền>4,887,000
VND</giátiền><ngày></ngày><thứ></thứ><giát></giát></item><item><logo>https://ibe.vemaybay.vn/Resources/Images/Airline/QH.gif</logo><name>Bamboo Airways</name><nơibắtđầu>Hà Nội</nơibắtđầu><giờbay>20:20</giờbay><machuyếnbay>QH291</machuyếnbay><chitiết>Chi tiết</chitiết><nơiđến>Hồ Chí Minh</nơiđến><giờđến>22:35</giờđến><giátiền>4,887,000
VND</giátiền><ngày></ngày><thứ></thứ><giát></giát></item><item><logo>https://ibe.vemaybay.vn/Resources/Images/Airline/QH.gif</logo><name>Bamboo Airways</name><nơibắtđầu>Hà Nội</nơibắtđầu><giờbay>21:20</giờbay><machuyếnbay>QH281</machuyếnbay><chitiết>Chi tiết</chitiết><nơiđến>Hồ Chí Minh</nơiđến><giờđến>23:30</giờđến><giátiền>4,887,000
VND</giátiền><ngày></ngày><thứ></thứ><giát></giát></item><item><logo>https://ibe.vemaybay.vn/Resources/Images/Airline/QH.gif</logo><name>Bamboo Airways</name><nơibắtđầu>Hà Nội</nơibắtđầu><giờbay>21:50</giờbay><machuyếnbay>QH285</machuyếnbay><chitiết>Chi tiết</chitiết><nơiđến>Hồ Chí Minh</nơiđến><giờđến>00:05</giờđến><giátiền>4,887,000
VND</giátiền><ngày></ngày><thứ></thứ><giát></giát></item><item><logo>https://ibe.vemaybay.vn/Resources/Images/Airline/QH.gif</logo><name>Bamboo Airways</name><nơibắtđầu>Hà Nội</nơibắtđầu><giờbay>23:40</giờbay><machuyếnbay>QH283</machuyếnbay><chitiết>Chi tiết</chitiết><nơiđến>Hồ Chí Minh</nơiđến><giờđến>01:50</giờđến><giátiền>4,887,000
VND</giátiền><ngày></ngày><thứ></thứ><giát></giát></item><item><logo>https://ibe.vemaybay.vn/Resources/Images/Airline/QH.gif</logo><name>Bamboo Airways</name><nơibắtđầu>Hà Nội</nơibắtđầu><giờbay>18:55</giờbay><machuyếnbay>QH269</machuyếnbay><chitiết>Chi tiết</chitiết><nơiđến>Hồ Chí Minh</nơiđến><giờđến>21:05</giờđến><giátiền>5,265,000
VND</giátiền><ngày></ngày><thứ></thứ><giát></giát></item><item><logo>https://ibe.vemaybay.vn/Resources/Images/Airline/QH.gif</logo><name>Bamboo Airways</name><nơibắtđầu>Hà Nội</nơibắtđầu><giờbay>19:55</giờbay><machuyếnbay>QH289</machuyếnbay><chitiết>Chi tiết</chitiết><nơiđến>Hồ Chí Minh</nơiđến><giờđến>22:10</giờđến><giátiền>5,265,000
VND</giátiền><ngày></ngày><thứ></thứ><giát></giát></item><item><logo>https://ibe.vemaybay.vn/Resources/Images/Airline/QH.gif</logo><name>Bamboo Airways</name><nơibắtđầu>Hà Nội</nơibắtđầu><giờbay>20:20</giờbay><machuyếnbay>QH291</machuyếnbay><chitiết>Chi tiết</chitiết><nơiđến>Hồ Chí Minh</nơiđến><giờđến>22:35</giờđến><giátiền>5,265,000
VND</giátiền><ngày></ngày><thứ></thứ><giát></giát></item><item><logo>https://ibe.vemaybay.vn/Resources/Images/Airline/QH.gif</logo><name>Bamboo Airways</name><nơibắtđầu>Hà Nội</nơibắtđầu><giờbay>21:20</giờbay><machuyếnbay>QH281</machuyếnbay><chitiết>Chi tiết</chitiết><nơiđến>Hồ Chí Minh</nơiđến><giờđến>23:30</giờđến><giátiền>5,265,000
VND</giátiền><ngày></ngày><thứ></thứ><giát></giát></item><item><logo>https://ibe.vemaybay.vn/Resources/Images/Airline/QH.gif</logo><name>Bamboo Airways</name><nơibắtđầu>Hà Nội</nơibắtđầu><giờbay>21:50</giờbay><machuyếnbay>QH285</machuyếnbay><chitiết>Chi tiết</chitiết><nơiđến>Hồ Chí Minh</nơiđến><giờđến>00:05</giờđến><giátiền>5,265,000
VND</giátiền><ngày></ngày><thứ></thứ><giát></giát></item><item><logo>https://ibe.vemaybay.vn/Resources/Images/Airline/QH.gif</logo><name>Bamboo Airways</name><nơibắtđầu>Hà Nội</nơibắtđầu><giờbay>23:40</giờbay><machuyếnbay>QH283</machuyếnbay><chitiết>Chi tiết</chitiết><nơiđến>Hồ Chí Minh</nơiđến><giờđến>01:50</giờđến><giátiền>5,265,000
VND</giátiền><ngày></ngày><thứ></thứ><giát></giát></item><item><logo>https://ibe.vemaybay.vn/Resources/Images/Airline/VN.gif</logo><name>Vietnam Airlines</name><nơibắtđầu>Hà Nội</nơibắtđầu><giờbay>16:40</giờbay><machuyếnbay>VN1565, VN1341</machuyếnbay><chitiết>Chi tiết</chitiết><nơiđến>Hồ Chí Minh</nơiđến><giờđến>21:45</giờđến><giátiền>5,381,000
VND</giátiền><ngày></ngày><thứ></thứ><giát></giát></item><item><logo>https://ibe.vemaybay.vn/Resources/Images/Airline/VN.gif</logo><name>Vietnam Airlines</name><nơibắtđầu>Hà Nội</nơibắtđầu><giờbay>19:00</giờbay><machuyếnbay>VN219</machuyếnbay><chitiết>Chi tiết</chitiết><nơiđến>Hồ Chí Minh</nơiđến><giờđến>21:15</giờđến><giátiền>5,930,000
VND</giátiền><ngày></ngày><thứ></thứ><giát></giát></item><item><logo>https://ibe.vemaybay.vn/Resources/Images/Airline/VN.gif</logo><name>Vietnam Airlines</name><nơibắtđầu>Hà Nội</nơibắtđầu><giờbay>21:00</giờbay><machuyếnbay>VN221</machuyếnbay><chitiết>Chi tiết</chitiết><nơiđến>Hồ Chí Minh</nơiđến><giờđến>23:15</giờđến><giátiền>5,930,000
VND</giátiền><ngày></ngày><thứ></thứ><giát></giát></item><item><logo>https://ibe.vemaybay.vn/Resources/Images/Airline/VN.gif</logo><name>Vietnam Airlines</name><nơibắtđầu>Hà Nội</nơibắtđầu><giờbay>22:00</giờbay><machuyếnbay>VN267</machuyếnbay><chitiết>Chi tiết</chitiết><nơiđến>Hồ Chí Minh</nơiđến><giờđến>00:15</giờđến><giátiền>5,930,000
VND</giátiền><ngày></ngày><thứ></thứ><giát></giát></item><item><logo>https://ibe.vemaybay.vn/Resources/Images/Airline/VN.gif</logo><name>Vietnam Airlines</name><nơibắtđầu>Hà Nội</nơibắtđầu><giờbay>23:00</giờbay><machuyếnbay>VN223</machuyếnbay><chitiết>Chi tiết</chitiết><nơiđến>Hồ Chí Minh</nơiđến><giờđến>01:25</giờđến><giátiền>5,930,000
VND</giátiền><ngày></ngày><thứ></thứ><giát></giát></item><item><logo>https://ibe.vemaybay.vn/Resources/Images/Airline/VN.gif</logo><name>Vietnam Airlines</name><nơibắtđầu>Hà Nội</nơibắtđầu><giờbay>19:20</giờbay><machuyếnbay>VN155, VN145</machuyếnbay><chitiết>Chi tiết</chitiết><nơiđến>Hồ Chí Minh</nơiđến><giờđến>00:30</giờđến><giátiền>7,135,000
VND</giátiền><ngày></ngày><thứ></thứ><giát></giát></item><item><logo>https://ibe.vemaybay.vn/Resources/Images/Airline/VN.gif</logo><name>Vietnam Airlines</name><nơibắtđầu>Hà Nội</nơibắtđầu><giờbay>19:00</giờbay><machuyếnbay>VN219</machuyếnbay><chitiết>Chi tiết</chitiết><nơiđến>Hồ Chí Minh</nơiđến><giờđến>21:15</giờđến><giátiền>7,658,000
VND</giátiền><ngày></ngày><thứ></thứ><giát></giát></item><item><logo>https://ibe.vemaybay.vn/Resources/Images/Airline/VN.gif</logo><name>Vietnam Airlines</name><nơibắtđầu>Hà Nội</nơibắtđầu><giờbay>20:00</giờbay><machuyếnbay>VN263</machuyếnbay><chitiết>Chi tiết</chitiết><nơiđến>Hồ Chí Minh</nơiđến><giờđến>22:15</giờđến><giátiền>7,658,000
VND</giátiền><ngày></ngày><thứ></thứ><giát></giát></item><item><logo>https://ibe.vemaybay.vn/Resources/Images/Airline/VN.gif</logo><name>Vietnam Airlines</name><nơibắtđầu>Hà Nội</nơibắtđầu><giờbay>21:00</giờbay><machuyếnbay>VN221</machuyếnbay><chitiết>Chi tiết</chitiết><nơiđến>Hồ Chí Minh</nơiđến><giờđến>23:15</giờđến><giátiền>7,658,000
VND</giátiền><ngày></ngày><thứ></thứ><giát></giát></item><item><logo>https://ibe.vemaybay.vn/Resources/Images/Airline/VN.gif</logo><name>Vietnam Airlines</name><nơibắtđầu>Hà Nội</nơibắtđầu><giờbay>22:00</giờbay><machuyếnbay>VN267</machuyếnbay><chitiết>Chi tiết</chitiết><nơiđến>Hồ Chí Minh</nơiđến><giờđến>00:15</giờđến><giátiền>7,658,000
VND</giátiền><ngày></ngày><thứ></thứ><giát></giát></item><item><logo>https://ibe.vemaybay.vn/Resources/Images/Airline/VN.gif</logo><name>Vietnam Airlines</name><nơibắtđầu>Hà Nội</nơibắtđầu><giờbay>23:00</giờbay><machuyếnbay>VN223</machuyếnbay><chitiết>Chi tiết</chitiết><nơiđến>Hồ Chí Minh</nơiđến><giờđến>01:25</giờđến><giátiền>7,658,000
VND</giátiền><ngày></ngày><thứ></thứ><giát></giát></item><item><logo>https://ibe.vemaybay.vn/Resources/Images/Airline/VN.gif</logo><name>Vietnam Airlines</name><nơibắtđầu>Hà Nội</nơibắtđầu><giờbay>16:35</giờbay><machuyếnbay>VN1545, VN1369</machuyếnbay><chitiết>Chi tiết</chitiết><nơiđến>Hồ Chí Minh</nơiđến><giờđến>22:55</giờđến><giátiền>8,647,000
VND</giátiền><ngày></ngày><thứ></thứ><giát></giát></item><item><logo>https://ibe.vemaybay.vn/Resources/Images/Airline/VN.gif</logo><name>Vietnam Airlines</name><nơibắtđầu>Hà Nội</nơibắtđầu><giờbay>16:35</giờbay><machuyếnbay>VN1545, VN7379</machuyếnbay><chitiết>Chi tiết</chitiết><nơiđến>Hồ Chí Minh</nơiđến><giờđến>00:35</giờđến><giátiền>8,647,000
VND</giátiền><ngày></ngày><thứ></thứ><giát></giát></item><item><logo>https://ibe.vemaybay.vn/Resources/Images/Airline/VN.gif</logo><name>Vietnam Airlines</name><nơibắtđầu>Hà Nội</nơibắtđầu><giờbay>19:20</giờbay><machuyếnbay>VN155, VN145</machuyếnbay><chitiết>Chi tiết</chitiết><nơiđến>Hồ Chí Minh</nơiđến><giờđến>00:30</giờđến><giátiền>8,647,000
VND</giátiền><ngày></ngày><thứ></thứ><giát></giát></item><item><logo>https://ibe.vemaybay.vn/Resources/Images/Airline/VN.gif</logo><name>Vietnam Airlines</name><nơibắtđầu>Hà Nội</nơibắtđầu><giờbay>16:00</giờbay><machuyếnbay>VN255</machuyếnbay><chitiết>Chi tiết</chitiết><nơiđến>Hồ Chí Minh</nơiđến><giờđến>18:15</giờđến><giátiền>8,846,000
VND</giátiền><ngày></ngày><thứ></thứ><giát></giát></item><item><logo>https://ibe.vemaybay.vn/Resources/Images/Airline/VN.gif</logo><name>Vietnam Airlines</name><nơibắtđầu>Hà Nội</nơibắtđầu><giờbay>16:55</giờbay><machuyếnbay>VN261</machuyếnbay><chitiết>Chi tiết</chitiết><nơiđến>Hồ Chí Minh</nơiđến><giờđến>19:10</giờđến><giátiền>8,846,000
VND</giátiền><ngày></ngày><thứ></thứ><giát></giát></item><item><logo>https://ibe.vemaybay.vn/Resources/Images/Airline/VN.gif</logo><name>Vietnam Airlines</name><nơibắtđầu>Hà Nội</nơibắtđầu><giờbay>17:00</giờbay><machuyếnbay>VN217</machuyếnbay><chitiết>Chi tiết</chitiết><nơiđến>Hồ Chí Minh</nơiđến><giờđến>19:15</giờđến><giátiền>8,846,000
VND</giátiền><ngày></ngày><thứ></thứ><giát></giát></item><item><logo>https://ibe.vemaybay.vn/Resources/Images/Airline/VN.gif</logo><name>Vietnam Airlines</name><nơibắtđầu>Hà Nội</nơibắtđầu><giờbay>18:00</giờbay><machuyếnbay>VN259</machuyếnbay><chitiết>Chi tiết</chitiết><nơiđến>Hồ Chí Minh</nơiđến><giờđến>20:15</giờđến><giátiền>8,846,000
VND</giátiền><ngày></ngày><thứ></thứ><giát></giát></item><item><logo>https://ibe.vemaybay.vn/Resources/Images/Airline/VN.gif</logo><name>Vietnam Airlines</name><nơibắtđầu>Hà Nội</nơibắtđầu><giờbay>16:45</giờbay><machuyếnbay>VN169, VN135</machuyếnbay><chitiết>Chi tiết</chitiết><nơiđến>Hồ Chí Minh</nơiđến><giờđến>23:05</giờđến><giátiền>9,079,000
VND</giátiền><ngày></ngày><thứ></thứ><giát></giát></item><item><logo>https://ibe.vemaybay.vn/Resources/Images/Airline/VN.gif</logo><name>Vietnam Airlines</name><nơibắtđầu>Hà Nội</nơibắtđầu><giờbay>17:15</giờbay><machuyếnbay>VN7167, VN135</machuyếnbay><chitiết>Chi tiết</chitiết><nơiđến>Hồ Chí Minh</nơiđến><giờđến>23:05</giờđến><giátiền>9,079,000
VND</giátiền><ngày></ngày><thứ></thứ><giát></giát></item><item><logo>https://ibe.vemaybay.vn/Resources/Images/Airline/VN.gif</logo><name>Vietnam Airlines</name><nơibắtđầu>Hà Nội</nơibắtđầu><giờbay>17:40</giờbay><machuyếnbay>VN7183, VN135</machuyếnbay><chitiết>Chi tiết</chitiết><nơiđến>Hồ Chí Minh</nơiđến><giờđến>23:05</giờđến><giátiền>9,079,000
VND</giátiền><ngày></ngày><thứ></thứ><giát></giát></item><item><logo>https://ibe.vemaybay.vn/Resources/Images/Airline/VN.gif</logo><name>Vietnam Airlines</name><nơibắtđầu>Hà Nội</nơibắtđầu><giờbay>17:40</giờbay><machuyếnbay>VN7183, VN105</machuyếnbay><chitiết>Chi tiết</chitiết><nơiđến>Hồ Chí Minh</nơiđến><giờđến>23:40</giờđến><giátiền>9,079,000
VND</giátiền><ngày></ngày><thứ></thứ><giát></giát></item><item><logo>https://ibe.vemaybay.vn/Resources/Images/Airline/VN.gif</logo><name>Vietnam Airlines</name><nơibắtđầu>Hà Nội</nơibắtđầu><giờbay>18:40</giờbay><machuyếnbay>VN177, VN105</machuyếnbay><chitiết>Chi tiết</chitiết><nơiđến>Hồ Chí Minh</nơiđến><giờđến>23:40</giờđến><giátiền>9,079,000
VND</giátiền><ngày></ngày><thứ></thứ><giát></giát></item><item><logo>https://ibe.vemaybay.vn/Resources/Images/Airline/VN.gif</logo><name>Vietnam Airlines</name><nơibắtđầu>Hà Nội</nơibắtđầu><giờbay>18:40</giờbay><machuyếnbay>VN177, VN145</machuyếnbay><chitiết>Chi tiết</chitiết><nơiđến>Hồ Chí Minh</nơiđến><giờđến>00:30</giờđến><giátiền>9,079,000
VND</giátiền><ngày></ngày><thứ></thứ><giát></giát></item><item><logo>https://ibe.vemaybay.vn/Resources/Images/Airline/VN.gif</logo><name>Vietnam Airlines</name><nơibắtđầu>Hà Nội</nơibắtđầu><giờbay>18:55</giờbay><machuyếnbay>VN187, VN105</machuyếnbay><chitiết>Chi tiết</chitiết><nơiđến>Hồ Chí Minh</nơiđến><giờđến>23:40</giờđến><giátiền>9,079,000
VND</giátiền><ngày></ngày><thứ></thứ><giát></giát></item><item><logo>https://ibe.vemaybay.vn/Resources/Images/Airline/VN.gif</logo><name>Vietnam Airlines</name><nơibắtđầu>Hà Nội</nơibắtđầu><giờbay>18:55</giờbay><machuyếnbay>VN187, VN145</machuyếnbay><chitiết>Chi tiết</chitiết><nơiđến>Hồ Chí Minh</nơiđến><giờđến>00:30</giờđến><giátiền>9,079,000
VND</giátiền><ngày></ngày><thứ></thứ><giát></giát></item><item><logo>https://ibe.vemaybay.vn/Resources/Images/Airline/VN.gif</logo><name>Vietnam Airlines</name><nơibắtđầu>Hà Nội</nơibắtđầu><giờbay>15:10</giờbay><machuyếnbay>VN171, VN133</machuyếnbay><chitiết>Chi tiết</chitiết><nơiđến>Hồ Chí Minh</nơiđến><giờđến>20:00</giờđến><giátiền>9,511,000
VND</giátiền><ngày></ngày><thứ></thứ><giát></giát></item><item><logo>https://ibe.vemaybay.vn/Resources/Images/Airline/VN.gif</logo><name>Vietnam Airlines</name><nơibắtđầu>Hà Nội</nơibắtđầu><giờbay>15:55</giờbay><machuyếnbay>VN7187, VN143</machuyếnbay><chitiết>Chi tiết</chitiết><nơiđến>Hồ Chí Minh</nơiđến><giờđến>21:45</giờđến><giátiền>9,511,000
VND</giátiền><ngày></ngày><thứ></thứ><giát></giát></item><item><logo>https://ibe.vemaybay.vn/Resources/Images/Airline/VN.gif</logo><name>Vietnam Airlines</name><nơibắtđầu>Hà Nội</nơibắtđầu><giờbay>16:10</giờbay><machuyếnbay>VN7169, VN143</machuyếnbay><chitiết>Chi tiết</chitiết><nơiđến>Hồ Chí Minh</nơiđến><giờđến>21:45</giờđến><giátiền>9,511,000
VND</giátiền><ngày></ngày><thứ></thứ><giát></giát></item><item><logo>https://ibe.vemaybay.vn/Resources/Images/Airline/VN.gif</logo><name>Vietnam Airlines</name><nơibắtđầu>Hà Nội</nơibắtđầu><giờbay>16:45</giờbay><machuyếnbay>VN169, VN143</machuyếnbay><chitiết>Chi tiết</chitiết><nơiđến>Hồ Chí Minh</nơiđến><giờđến>21:45</giờđến><giátiền>9,511,000
VND</giátiền><ngày></ngày><thứ></thứ><giát></giát></item><item><logo>https://ibe.vemaybay.vn/Resources/Images/Airline/VN.gif</logo><name>Vietnam Airlines</name><nơibắtđầu>Hà Nội</nơibắtđầu><giờbay>16:40</giờbay><machuyếnbay>VN1565, VN7355</machuyếnbay><chitiết>Chi tiết</chitiết><nơiđến>Hồ Chí Minh</nơiđến><giờđến>22:50</giờđến><giátiền>11,131,000
VND</giátiền><ngày>09-08-2023</ngày><thứ> Thứ 4</thứ><giát>-</giát></item></WEBHARVY_DATA>